England,Bedfordshire
England,Berkshire
England,Bristol
England,Buckinghamshire
England,Cambridgeshire
England,Cheshire
England,Cornwall
England,Cumbria
England,Derbyshire
England,Devon
England,Dorset
England,Durham
England,East Riding of Yorkshire
England,East Sussex
England,Essex
England,Gloucestershire
England,Greater London
England,Greater Manchester
England,Hampshire
England,Herefordshire
England,Hertfordshire
England,Isle of Wight
England,Kent
England,Lancashire
England,Leicestershire
England,Lincolnshire
England,City of London
England,Merseyside
England,Norfolk
England,North Yorkshire
England,Northamptonshire
England,Northumberland
England,Nottinghamshire
England,Oxfordshire
England,Rutland
England,Shropshire
England,Somerset
England,South Yorkshire
England,Staffordshire
England,Suffolk
England,Surrey
England,Tyne and Wear
England,Warwickshire
England,West Midlands
England,West Sussex
England,West Yorkshire
England,Wiltshire
England,Worcestershire
Northern Ireland,Antrim
Northern Ireland,Armagh
Northern Ireland,Down
Northern Ireland,Fermanagh
Northern Ireland,Londonderry
Northern Ireland,Tyrone
Scotland,Aberdeenshire
Scotland,Angus
Scotland,Argyll and Bute
Scotland,Ayrshire
Scotland,Banffshire
Scotland,Berwickshire
Scotland,City of Aberdeen
Scotland,City of Edinburgh
Scotland,City of Dundee
Scotland,City of Glasgow
Scotland,Scottish Borders
Scotland,Clackmannanshire
Scotland,Dumfriesshire
Scotland,East Ayrshire
Scotland,East Dunbartonshire
Scotland,East Lothian
Scotland,East Renfrewshire
Scotland,Falkirk
Scotland,Fife
Scotland,Highland
Scotland,Inverclyde
Scotland,Midlothian
Scotland,Moray
Scotland,North Ayrshire
Scotland,North Lanarkshire
Scotland,Orkney Islands
Scotland,Peeblesshire
Scotland,Perth and Kinross
Scotland,Renfrewshire
Scotland,Shetland Islands
Scotland,South Ayrshire
Scotland,South Lanarkshire
Scotland,Stirling
Scotland,West Dunbartonshire
Scotland,West Lothian
Scotland,Na h-Eileanan Siar (Western Isles)
Wales,Clwyd
Wales,Dyfed
Wales,Gwent
Wales,Gwynedd
Wales,Mid Glamorgan
Wales,Powys
Wales,South Glamorgan
Wales,West Glamorgan
